mysql> insert into honor(h_id,p_name,s_id,theme,introduction,explanation,checked,t_id,file_idtime) values('fskdjfk','实践学习','10152510231','lenovo intern','i got an offer from lenove and got a good assessiment','kdsajfkajdflkaffadsfjla',false,'500001',1,'2015-12-31');
Query OK, 1 row affected (0.01 sec)

mysql> insert into student values('10152510234','jjjjjj','wuqingze');
Query OK, 1 row affected (0.01 sec)

mysql> insert into teacher values('500001','jobs','jjjjjj')
    -> ;
Query OK, 1 row affected (0.01 sec)


mysql> select * from honor
    -> ;
+---------+--------------+-------------+---------------+-------------------------------------------------------+-------------------------+---------+--------+---------+---------------------+
| h_id    | p_name       | s_id        | theme         | introduction                                          | explanation             | checked | t_id   | file_id | time                |
+---------+--------------+-------------+---------------+-------------------------------------------------------+-------------------------+---------+--------+---------+---------------------+
| fsk34fk | 实践学习     | 10152510231 | lenovo intern | i got an offer from lenove and got a good assessiment | kdsajfkajdflkaffadsfjla |       0 | 500001 |       1 | 2015-12-31 23:30:43 |
| fsk3jfk | 实践学习     | 10152510231 | lenovo intern | i got an offer from lenove and got a good assessiment | kdsajfkajdflkaffadsfjla |       0 | 500001 |       1 | 2015-12-31 23:30:43 |
| fskdjfk | 实践学习     | 10152510231 | lenovo intern | i got an offer from lenove and got a good assessiment | kdsajfkajdflkaffadsfjla |       0 | 500001 |       1 | 2015-12-31 23:30:43 |
+---------+--------------+-------------+---------------+-------------------------------------------------------+-------------------------+---------+--------+---------+---------------------+
3 rows in set (0.01 sec)


mysql> select * from honor
    -> ;
+---------+--------------+-------------+---------------+-------------------------------------------------------+-------------------------+---------+--------+---------+
| h_id    | p_name       | s_id        | theme         | introduction                                          | explanation             | checked | t_id   | file_id |
+---------+--------------+-------------+---------------+-------------------------------------------------------+-------------------------+---------+--------+---------+
| fsk34fk | 实践学习     | 10152510231 | lenovo intern | i got an offer from lenove and got a good assessiment | kdsajfkajdflkaffadsfjla |       0 | 500001 |       1 |
| fsk3jfk | 实践学习     | 10152510231 | lenovo intern | i got an offer from lenove and got a good assessiment | kdsajfkajdflkaffadsfjla |       0 | 500001 |       1 |
| fskdjfk | 实践学习     | 10152510231 | lenovo intern | i got an offer from lenove and got a good assessiment | kdsajfkajdflkaffadsfjla |       0 | 500001 |       1 |
+---------+--------------+-------------+---------------+-------------------------------------------------------+-------------------------+---------+--------+---------+
3 rows in set (0.01 sec)


mysql> insert into file values(1,'demostrating_file','jj.pdf');
Query OK, 1 row affected (0.01 sec)

mysql> select * from file;
+---------+-------------------+-----------+
| file_id | path              | file_name |
+---------+-------------------+-----------+
|       1 | demostrating_file | jj.pdf    |
+---------+-------------------+-----------+
1 row in set (0.00 sec)
